Id,FirstName,LastName,Email,Phone,City,CompanyId,CustomerGroupId,CreatedAt,UpdatedAt
1,John,Anderson,john.anderson@example.com,+1-555-0101,New York,1,1,2025-01-15,
2,Sarah,Bennett,sarah.bennett@example.com,+1-555-0102,San Francisco,2,1,2025-02-03,
3,Michael,Chen,michael.chen@example.com,+1-555-0103,Los Angeles,3,1,2025-02-20,
4,Emily,Davis,emily.davis@example.com,+1-555-0104,Chicago,4,1,2025-03-08,
5,David,Edwards,david.edwards@example.com,+1-555-0105,Houston,5,2,2025-03-25,
6,Jessica,Garcia,jessica.garcia@example.com,+1-555-0106,Phoenix,6,2,2025-04-11,
7,Robert,Harris,robert.harris@example.com,+1-555-0107,Philadelphia,7,2,2025-05-02,
8,Amanda,Johnson,amanda.johnson@example.com,+1-555-0108,San Antonio,8,2,2025-05-19,
9,Christopher,King,christopher.king@example.com,+1-555-0109,San Diego,9,3,2025-06-07,
10,Victoria,Lee,victoria.lee@example.com,+1-555-0110,Dallas,10,3,2025-07-14,
11,Nathan,Martinez,nathan.martinez@example.com,+1-555-0111,Austin,11,3,2025-07-30,
12,Olivia,Nelson,olivia.nelson@example.com,+1-555-0112,Seattle,12,3,2025-08-16,
13,Ethan,Parker,ethan.parker@example.com,+1-555-0113,Denver,13,4,2025-09-04,
14,Sophia,Quinn,sophia.quinn@example.com,+1-555-0114,Boston,14,4,2025-09-22,
15,Liam,Rivera,liam.rivera@example.com,+1-555-0115,Miami,15,4,2025-10-10,
16,Isabella,Scott,isabella.scott@example.com,+1-555-0116,Atlanta,16,4,2025-10-28,
17,Mason,Turner,mason.turner@example.com,+1-555-0117,Portland,17,5,2025-11-15,
18,Ava,Underwood,ava.underwood@example.com,+1-555-0118,Minneapolis,18,5,2025-12-03,
19,Logan,Vasquez,logan.vasquez@example.com,+1-555-0119,Las Vegas,19,5,2025-12-21,
20,Mia,Walsh,mia.walsh@example.com,+1-555-0120,Nashville,20,5,2026-01-09,
21,James,Smith,james.smith21@example.com,+1-555-1021,New York,1,1,2025-01-15,
22,Robert,Johnson,robert.johnson22@example.com,+1-555-1022,San Francisco,2,2,2025-01-16,
23,Michael,Williams,michael.williams23@example.com,+1-555-1023,Los Angeles,3,3,2025-01-17,
24,William,Brown,william.brown24@example.com,+1-555-1024,Chicago,4,4,2025-01-18,
25,David,Jones,david.jones25@example.com,+1-555-1025,Houston,5,5,2025-01-19,
26,Richard,Garcia,richard.garcia26@example.com,+1-555-1026,Phoenix,6,1,2025-01-20,
27,Joseph,Miller,joseph.miller27@example.com,+1-555-1027,Philadelphia,7,2,2025-01-21,
28,Thomas,Davis,thomas.davis28@example.com,+1-555-1028,San Antonio,8,3,2025-01-22,
29,Charles,Rodriguez,charles.rodriguez29@example.com,+1-555-1029,San Diego,9,4,2025-01-23,
30,Christopher,Martinez,christopher.martinez30@example.com,+1-555-1030,Dallas,10,5,2025-01-24,
31,Daniel,Hernandez,daniel.hernandez31@example.com,+1-555-1031,Austin,11,1,2025-01-25,
32,Matthew,Lopez,matthew.lopez32@example.com,+1-555-1032,Seattle,12,2,2025-01-26,
33,Anthony,Gonzalez,anthony.gonzalez33@example.com,+1-555-1033,Denver,13,3,2025-01-27,
34,Mark,Wilson,mark.wilson34@example.com,+1-555-1034,Boston,14,4,2025-01-28,
35,Donald,Anderson,donald.anderson35@example.com,+1-555-1035,Miami,15,5,2025-01-29,
36,Steven,Thomas,steven.thomas36@example.com,+1-555-1036,Atlanta,16,1,2025-01-30,
37,Paul,Taylor,paul.taylor37@example.com,+1-555-1037,Portland,17,2,2025-01-31,
38,Andrew,Moore,andrew.moore38@example.com,+1-555-1038,Minneapolis,18,3,2025-02-01,
39,Joshua,Jackson,joshua.jackson39@example.com,+1-555-1039,Las Vegas,19,4,2025-02-02,
40,Kenneth,Martin,kenneth.martin40@example.com,+1-555-1040,Nashville,20,5,2025-02-03,
41,Kevin,Lee,kevin.lee41@example.com,+1-555-1041,Detroit,1,1,2025-02-04,
42,Brian,Perez,brian.perez42@example.com,+1-555-1042,Memphis,2,2,2025-02-05,
43,George,Thompson,george.thompson43@example.com,+1-555-1043,Baltimore,3,3,2025-02-06,
44,Edward,White,edward.white44@example.com,+1-555-1044,Louisville,4,4,2025-02-07,
45,Ronald,Harris,ronald.harris45@example.com,+1-555-1045,Milwaukee,5,5,2025-02-08,
46,Lisa,Sanchez,lisa.sanchez46@example.com,+1-555-1046,Albuquerque,6,1,2025-02-09,
47,Nancy,Clark,nancy.clark47@example.com,+1-555-1047,Tucson,7,2,2025-02-10,
48,Karen,Ramirez,karen.ramirez48@example.com,+1-555-1048,Fresno,8,3,2025-02-11,
49,Betty,Lewis,betty.lewis49@example.com,+1-555-1049,Sacramento,9,4,2025-02-12,
50,Margaret,Robinson,margaret.robinson50@example.com,+1-555-1050,Long Beach,10,5,2025-02-13,
51,Sandra,Young,sandra.young51@example.com,+1-555-1051,Kansas City,11,1,2025-02-14,
52,Ashley,Allen,ashley.allen52@example.com,+1-555-1052,Mesa,12,2,2025-02-15,
53,Kimberly,King,kimberly.king53@example.com,+1-555-1053,Virginia Beach,13,3,2025-02-16,
54,Emily,Wright,emily.wright54@example.com,+1-555-1054,Atlanta,14,4,2025-02-17,
55,Donna,Scott,donna.scott55@example.com,+1-555-1055,New Orleans,15,5,2025-02-18,
56,Michelle,Torres,michelle.torres56@example.com,+1-555-1056,Cleveland,16,1,2025-02-19,
57,Dorothy,Peterson,dorothy.peterson57@example.com,+1-555-1057,New York,17,2,2025-02-20,
58,Carol,Phillips,carol.phillips58@example.com,+1-555-1058,San Francisco,18,3,2025-02-21,
59,Amanda,Campbell,amanda.campbell59@example.com,+1-555-1059,Los Angeles,19,4,2025-02-22,
60,Melissa,Parker,melissa.parker60@example.com,+1-555-1060,Chicago,20,5,2025-02-23,
61,Deborah,Evans,deborah.evans61@example.com,+1-555-1061,Houston,1,1,2025-02-24,
62,Stephanie,Edwards,stephanie.edwards62@example.com,+1-555-1062,Phoenix,2,2,2025-02-25,
63,Rebecca,Collins,rebecca.collins63@example.com,+1-555-1063,Philadelphia,3,3,2025-02-26,
64,Sharon,Reyes,sharon.reyes64@example.com,+1-555-1064,San Antonio,4,4,2025-02-27,
65,Susan,Stewart,susan.stewart65@example.com,+1-555-1065,San Diego,5,5,2025-02-28,
66,Cynthia,Morris,cynthia.morris66@example.com,+1-555-1066,Dallas,6,1,2025-03-01,
67,Kathleen,Morales,kathleen.morales67@example.com,+1-555-1067,Austin,7,2,2025-03-02,
68,Amy,Ruiz,amy.ruiz68@example.com,+1-555-1068,Seattle,8,3,2025-03-03,
69,Angela,Jenkins,angela.jenkins69@example.com,+1-555-1069,Denver,9,4,2025-03-04,
70,Shirley,Rogers,shirley.rogers70@example.com,+1-555-1070,Boston,10,5,2025-03-05,
71,James,Smith,james.smith71@example.com,+1-555-1071,Miami,11,1,2025-03-06,
72,Robert,Johnson,robert.johnson72@example.com,+1-555-1072,Atlanta,12,2,2025-03-07,
73,Michael,Williams,michael.williams73@example.com,+1-555-1073,Portland,13,3,2025-03-08,
74,William,Brown,william.brown74@example.com,+1-555-1074,Minneapolis,14,4,2025-03-09,
75,David,Jones,david.jones75@example.com,+1-555-1075,Las Vegas,15,5,2025-03-10,
76,Richard,Garcia,richard.garcia76@example.com,+1-555-1076,Nashville,16,1,2025-03-11,
77,Joseph,Miller,joseph.miller77@example.com,+1-555-1077,Detroit,17,2,2025-03-12,
78,Thomas,Davis,thomas.davis78@example.com,+1-555-1078,Memphis,18,3,2025-03-13,
79,Charles,Rodriguez,charles.rodriguez79@example.com,+1-555-1079,Baltimore,19,4,2025-03-14,
80,Christopher,Martinez,christopher.martinez80@example.com,+1-555-1080,Louisville,20,5,2025-03-15,
81,Daniel,Hernandez,daniel.hernandez81@example.com,+1-555-1081,Milwaukee,1,1,2025-03-16,
82,Matthew,Lopez,matthew.lopez82@example.com,+1-555-1082,Albuquerque,2,2,2025-03-17,
83,Anthony,Gonzalez,anthony.gonzalez83@example.com,+1-555-1083,Tucson,3,3,2025-03-18,
84,Mark,Wilson,mark.wilson84@example.com,+1-555-1084,Fresno,4,4,2025-03-19,
85,Donald,Anderson,donald.anderson85@example.com,+1-555-1085,Sacramento,5,5,2025-03-20,
86,Steven,Thomas,steven.thomas86@example.com,+1-555-1086,Long Beach,6,1,2025-03-21,
87,Paul,Taylor,paul.taylor87@example.com,+1-555-1087,Kansas City,7,2,2025-03-22,
88,Andrew,Moore,andrew.moore88@example.com,+1-555-1088,Mesa,8,3,2025-03-23,
89,Joshua,Jackson,joshua.jackson89@example.com,+1-555-1089,Virginia Beach,9,4,2025-03-24,
90,Kenneth,Martin,kenneth.martin90@example.com,+1-555-1090,Atlanta,10,5,2025-03-25,
91,Kevin,Lee,kevin.lee91@example.com,+1-555-1091,New Orleans,11,1,2025-03-26,
92,Brian,Perez,brian.perez92@example.com,+1-555-1092,Cleveland,12,2,2025-03-27,
93,George,Thompson,george.thompson93@example.com,+1-555-1093,New York,13,3,2025-03-28,
94,Edward,White,edward.white94@example.com,+1-555-1094,San Francisco,14,4,2025-03-29,
95,Ronald,Harris,ronald.harris95@example.com,+1-555-1095,Los Angeles,15,5,2025-03-30,
96,Lisa,Sanchez,lisa.sanchez96@example.com,+1-555-1096,Chicago,16,1,2025-03-31,
97,Nancy,Clark,nancy.clark97@example.com,+1-555-1097,Houston,17,2,2025-04-01,
98,Karen,Ramirez,karen.ramirez98@example.com,+1-555-1098,Phoenix,18,3,2025-04-02,
99,Betty,Lewis,betty.lewis99@example.com,+1-555-1099,Philadelphia,19,4,2025-04-03,
100,Margaret,Robinson,margaret.robinson100@example.com,+1-555-1100,San Antonio,20,5,2025-04-04,
101,Sandra,Young,sandra.young101@example.com,+1-555-1101,San Diego,1,1,2025-04-05,
102,Ashley,Allen,ashley.allen102@example.com,+1-555-1102,Dallas,2,2,2025-04-06,
103,Kimberly,King,kimberly.king103@example.com,+1-555-1103,Austin,3,3,2025-04-07,
104,Emily,Wright,emily.wright104@example.com,+1-555-1104,Seattle,4,4,2025-04-08,
105,Donna,Scott,donna.scott105@example.com,+1-555-1105,Denver,5,5,2025-04-09,
106,Michelle,Torres,michelle.torres106@example.com,+1-555-1106,Boston,6,1,2025-04-10,
107,Dorothy,Peterson,dorothy.peterson107@example.com,+1-555-1107,Miami,7,2,2025-04-11,
108,Carol,Phillips,carol.phillips108@example.com,+1-555-1108,Atlanta,8,3,2025-04-12,
109,Amanda,Campbell,amanda.campbell109@example.com,+1-555-1109,Portland,9,4,2025-04-13,
110,Melissa,Parker,melissa.parker110@example.com,+1-555-1110,Minneapolis,10,5,2025-04-14,
111,Deborah,Evans,deborah.evans111@example.com,+1-555-1111,Las Vegas,11,1,2025-04-15,
112,Stephanie,Edwards,stephanie.edwards112@example.com,+1-555-1112,Nashville,12,2,2025-04-16,
113,Rebecca,Collins,rebecca.collins113@example.com,+1-555-1113,Detroit,13,3,2025-04-17,
114,Sharon,Reyes,sharon.reyes114@example.com,+1-555-1114,Memphis,14,4,2025-04-18,
115,Susan,Stewart,susan.stewart115@example.com,+1-555-1115,Baltimore,15,5,2025-04-19,
116,Cynthia,Morris,cynthia.morris116@example.com,+1-555-1116,Louisville,16,1,2025-04-20,
117,Kathleen,Morales,kathleen.morales117@example.com,+1-555-1117,Milwaukee,17,2,2025-04-21,
118,Amy,Ruiz,amy.ruiz118@example.com,+1-555-1118,Albuquerque,18,3,2025-04-22,
119,Angela,Jenkins,angela.jenkins119@example.com,+1-555-1119,Tucson,19,4,2025-04-23,
120,Shirley,Rogers,shirley.rogers120@example.com,+1-555-1120,Fresno,20,5,2025-04-24,
121,James,Smith,james.smith121@example.com,+1-555-1121,Sacramento,1,1,2025-04-25,
122,Robert,Johnson,robert.johnson122@example.com,+1-555-1122,Long Beach,2,2,2025-04-26,
123,Michael,Williams,michael.williams123@example.com,+1-555-1123,Kansas City,3,3,2025-04-27,
124,William,Brown,william.brown124@example.com,+1-555-1124,Mesa,4,4,2025-04-28,
125,David,Jones,david.jones125@example.com,+1-555-1125,Virginia Beach,5,5,2025-04-29,
126,Richard,Garcia,richard.garcia126@example.com,+1-555-1126,Atlanta,6,1,2025-04-30,
127,Joseph,Miller,joseph.miller127@example.com,+1-555-1127,New Orleans,7,2,2025-05-01,
128,Thomas,Davis,thomas.davis128@example.com,+1-555-1128,Cleveland,8,3,2025-05-02,
129,Charles,Rodriguez,charles.rodriguez129@example.com,+1-555-1129,New York,9,4,2025-05-03,
130,Christopher,Martinez,christopher.martinez130@example.com,+1-555-1130,San Francisco,10,5,2025-05-04,
131,Daniel,Hernandez,daniel.hernandez131@example.com,+1-555-1131,Los Angeles,11,1,2025-05-05,
132,Matthew,Lopez,matthew.lopez132@example.com,+1-555-1132,Chicago,12,2,2025-05-06,
133,Anthony,Gonzalez,anthony.gonzalez133@example.com,+1-555-1133,Houston,13,3,2025-05-07,
134,Mark,Wilson,mark.wilson134@example.com,+1-555-1134,Phoenix,14,4,2025-05-08,
135,Donald,Anderson,donald.anderson135@example.com,+1-555-1135,Philadelphia,15,5,2025-05-09,
136,Steven,Thomas,steven.thomas136@example.com,+1-555-1136,San Antonio,16,1,2025-05-10,
137,Paul,Taylor,paul.taylor137@example.com,+1-555-1137,San Diego,17,2,2025-05-11,
138,Andrew,Moore,andrew.moore138@example.com,+1-555-1138,Dallas,18,3,2025-05-12,
139,Joshua,Jackson,joshua.jackson139@example.com,+1-555-1139,Austin,19,4,2025-05-13,
140,Kenneth,Martin,kenneth.martin140@example.com,+1-555-1140,Seattle,20,5,2025-05-14,
